UNIT	MILLIMETRE																											
PROFILE	DEFAULT_PROFILE																											
FRAMESET	2500x600x1600	PROJECT1																										
COMPONENT	BP-1	LABEL_NRM	1	600	DIMPLE	20.7	LIP_CUT	23	BOLT	44.5	BOLT	555.5	LIP_CUT	577	DIMPLE	579.3	WEB	20.5	WEB	44.5	WEB	68.5	WEB	531.5	WEB	555.5	WEB	579.5
COMPONENT	NP-1	LABEL_INV	1	597.6	DIMPLE	19.5	SWAGE	13.8	SWAGE	500	SWAGE	517	DIMPLE	526.8	SWAGE	583.8	DIMPLE	578.1										
COMPONENT	NP-2	LABEL_INV	1	597.6	DIMPLE	19.5	SWAGE	13.8	SWAGE	583.8	DIMPLE	578.1																
COMPONENT	TP-1	LABEL_INV	1	600	DIMPLE	20.7	LIP_CUT	23	BOLT	44.5	BOLT	555.5	LIP_CUT	577	DIMPLE	579.3	WEB	20.5	WEB	44.5	WEB	68.5	WEB	531.5	WEB	555.5	WEB	579.5
COMPONENT	BR-1	LABEL_NRM	1	715.4	END_TRUSS	0	DIMPLE	14	NOTCH	5	LIP_CUT	23	LIP_CUT	47	SWAGE	682	SWAGE	687.9	DIMPLE	701.4	END_TRUSS	715.4						
COMPONENT	SS-1	LABEL_INV	1	1514.6	SWAGE	13.8	DIMPLE	19.5	DIMPLE	504.5	LIP_CUT	504.5	LIP_CUT	941	LIP_CUT	957	DIMPLE	968.2	DIMPLE	1010.1	LIP_CUT	1010.1	DIMPLE	1495.1	SWAGE	1500.8		
COMPONENT	SS-2	LABEL_NRM	1	1514.6	SWAGE	13.8	DIMPLE	19.5	DIMPLE	504.5	LIP_CUT	504.5	DIMPLE	1010.1	LIP_CUT	1010.1	DIMPLE	1495.1	SWAGE	1500.8								
