UNIT	MILLIMETRE																											
PROFILE	DEFAULT_PROFILE																											
FRAMESET	2500x600x1500	PROJECT1																										
COMPONENT	BP-1	LABEL_NRM	1	600	DIMPLE	20.7	LIP_CUT	23	BOLT	44.5	BOLT	555.5	LIP_CUT	577	DIMPLE	579.3	WEB	20.5	WEB	44.5	WEB	68.5	WEB	531.5	WEB	555.5	WEB	579.5
COMPONENT	NP-1	LABEL_INV	1	597.6	DIMPLE	19.5	SWAGE	13.8	SWAGE	505	SWAGE	525	DIMPLE	535.2	SWAGE	583.8	DIMPLE	578.1										
COMPONENT	NP-2	LABEL_INV	1	597.6	DIMPLE	19.5	SWAGE	13.8	SWAGE	583.8	DIMPLE	578.1																
COMPONENT	TP-1	LABEL_INV	1	600	DIMPLE	20.7	LIP_CUT	23	BOLT	44.5	BOLT	555.5	LIP_CUT	577	DIMPLE	579.3	WEB	20.5	WEB	44.5	WEB	68.5	WEB	531.5	WEB	555.5	WEB	579.5
COMPONENT	BR-1	LABEL_NRM	1	695.4	END_TRUSS	0	LIP_CUT	23	DIMPLE	14	LIP_CUT	52	NOTCH	5	SWAGE	665	SWAGE	675.4	DIMPLE	681.4	END_TRUSS	695.4						
COMPONENT	SS-1	LABEL_INV	1	1414.6	SWAGE	13.8	DIMPLE	19.5	DIMPLE	471.1	LIP_CUT	471.1	LIP_CUT	871	DIMPLE	894.8	LIP_CUT	885	DIMPLE	943.5	LIP_CUT	943.5	DIMPLE	1395.1	SWAGE	1400.8		
COMPONENT	SS-2	LABEL_NRM	1	1414.6	SWAGE	13.8	DIMPLE	19.5	DIMPLE	471.1	LIP_CUT	471.1	DIMPLE	943.5	LIP_CUT	943.5	DIMPLE	1395.1	SWAGE	1400.8								
