UNIT	MILLIMETRE																																	
PROFILE	DEFAULT_PROFILE																																	
FRAMESET	2500x600x2200	PROJECT1																																
COMPONENT	BP-1	LABEL_NRM	1	600	DIMPLE	20.7	LIP_CUT	23	BOLT	44.5	LIP_CUT	495.8	LIP_CUT	519.6	DIMPLE	530.5	BOLT	555.5	LIP_CUT	577	DIMPLE	579.3	WEB	20.5	WEB	44.5	WEB	68.5	WEB	531.5	WEB	555.5	WEB	579.5
COMPONENT	NP-1	LABEL_INV	1	597.6	DIMPLE	19.5	SWAGE	13.8	SWAGE	583.8	DIMPLE	578.1																						
COMPONENT	TP-1	LABEL_INV	1	600	DIMPLE	20.7	LIP_CUT	23	BOLT	44.5	BOLT	555.5	LIP_CUT	577	DIMPLE	579.3	WEB	20.5	WEB	44.5	WEB	68.5	WEB	531.5	WEB	555.5	WEB	579.5						
COMPONENT	BR-1	LABEL_NRM	1	707.5	END_TRUSS	0	SWAGE	13.8	DIMPLE	14	SWAGE	41.2	SWAGE	680	SWAGE	666.3	DIMPLE	693.5	END_TRUSS	707.5														
COMPONENT	SS-1	LABEL_INV	1	1035.6	SWAGE	13.8	DIMPLE	19.5	LIP_CUT	443	LIP_CUT	458	DIMPLE	468.6	DIMPLE	517.8	LIP_CUT	517.8	DIMPLE	1016.1	SWAGE	1021.8												
COMPONENT	SS-2	LABEL_NRM	1	1035.6	SWAGE	13.8	DIMPLE	19.5	DIMPLE	517.8	LIP_CUT	517.8	DIMPLE	1016.1	SWAGE	1021.8																		
